Summary,Issue Type,Story Points,Component,Description,Acceptance Criteria,Implementation Summary,Commits
"Build a Fixed-Income terminal demo app (design-system-demo)",Story,8,design-system-demo,"Scaffold a new reference application that showcases the design system as a realistic FI trading terminal with a component gallery, registered in the workspace on port 5310.","App boots on port 5310 and is registered as a workspace member; renders an app shell with TopBar and tab navigation; deterministic seed data drives all widgets; build and typecheck pass.","Scaffolded the app, added FI data types with deterministic seeds and formatters, a pure applyTick ticking reducer with tests, and a useTickingStore interval hook. Added grid theme, theme-mode hook, ThemeToggle and CodeBlock helpers, then the TopBar + tab navigation shell.","b8929d72,9c26754a,2a6a7f71,3e983bd1,9fa8f2dd,1a749988,ea28ebf7,2e414805"
"Design System gallery tab with full component showcase",Story,8,design-system-demo,"Provide an interactive Design System tab that documents foundations (palette, typography) and demonstrates every shipped component grouped by category, with a completeness gate ensuring no component is undocumented.","Tab renders foundations + a categorized component gallery; a completeness gate fails the build if a registered component lacks a showcase entry; sections cover buttons, inputs, selection, overlays, navigation, data display, feedback, layout and charts.","Built a showcase framework (types, ComponentDemo, registry + completeness gate), added palette/typography/foundations/overview sections, then populated showcase entries across all component categories until the gallery was complete.","7e741a40,d3001fd4,8bd3470f,8a3b8816,2abf4086,b050e95a"
"FI terminal tabs: Market, Orders, Analytics, Risk, Research",Story,13,design-system-demo,"Deliver the core trading-terminal tabs: Market (blotter, watchlist, book, chart, ticket), Orders (blotter, order entry, RFQ), Analytics + Risk (charts, KPIs, exposure), and Research.","Each tab renders with live ticking data and design-system tokens only; charts, KPIs and blotters populate from seed state; no hardcoded colours.","Implemented Market, Orders, Analytics+Risk and Research tabs as composed views over the shared ticking store.","491e0f49,35d695b3,39af69da,dd626889"
"Dock-manager workspace for the FI demo (floating + docked panels)",Story,13,design-system-demo,"Replace static tabs with a dock-manager foundation supporting per-tab layouts, floating windows, and Save/Reset layout so users can rearrange the terminal.","Panels can be docked, floated, saved and reset per tab; Market dock is wired to live state; Trade Ticket and RFQ Workbench open as floating windows; layout persists across Save/Reset.","Added dock-manager helpers, registry and per-tab layouts; wired the Market dock to live state and added floating Trade Ticket + RFQ Workbench plus Save/Reset. Migrated Orders and Design System into dock widgets and removed the superseded tabs/panels.","58d6644f,d7207790,c1803468,c791881f,99385e6b,8508f043,8ae4b026"
"Expanded FI data model, trade ticket, order book and RFQ workbench",Story,13,design-system-demo,"Add a realistic FI data model and the interactive trading surfaces: a dealer-depth order book with recent prints, an FI trade ticket, and an RFQ workbench backed by a state machine.","Order book shows dealer depth + recent prints with issuer header; trade ticket validates and submits with focus-ring CTA; RFQ workbench drives a documented state machine; all under 80 LOC/function and token-compliant.","Expanded the FI data model + DemoStateProvider, built the dealer-depth order book, FI trade ticket (with extracted CtaButton helper), and the RFQ workbench + state machine.","941b762f,726fedb7,589e84e9,b9836301,1c27bd80"
"FI-terminal visual parity for RFQ, Trade Ticket and Orders",Story,5,design-system-demo,"Polish the RFQ, trade ticket and Orders surfaces to match the fi-terminal reference for elegance, spacing, and conviction Buy/Sell affordances.","RFQ/ticket support close, fit-to-content, conviction Buy/Sell and sane spreads; Orders, RFQ and ticket visually match the fi-terminal reference; Market tab layout matches reference.","Reworked RFQ/ticket interactions (close, fit, conviction, spreads), matched fi-terminal styling across the three surfaces, and restructured the Market tab layout to the reference.","bb5f73ba,4b0cdf69,569a57e5"
"MarketsGrid Lab developer-onboarding rework",Story,13,markets-grid-lab,"Rework the MarketsGrid Lab into a developer-onboarding experience with a Home landing tab, a grouped collapsible sidebar nav with filter, and an Inspector drawer (What/Why, Try, Config, Props) per feature.","Home tab is the default with hero, mount example, mental-model cards and feature map; sidebar replaces the horizontal tab strip with grouped, filterable, collapsible nav; Inspector drawer renders What/Why, Try, Config and Props derived from each feature config.","Added a feature-guide registry with shared base props, derived Inspector config blocks from LabFeatureConfig, built the InspectorDrawer and mounted it under the grid, added the grouped sidebar nav and the Home landing tab, then made the sidebar the default layout.","ea0f3805,be2ace80,0e1d206c,38a464a8,2a44bcd8,8994f7e9,fc93cf6c,306be252,963b4deb,04737c4c,19a34e11,d10fb2a2,ca5df78f"
"Grid column selector dialog + consolidated View menu",Story,5,grid,"Add a column selector dialog and consolidate column/view actions into a single View menu to declutter the grid toolbar.","Column selector dialog lets users show/hide and reorder columns; the View menu groups previously scattered toolbar actions; toolbar is visibly less cluttered.","Added the column selector dialog and a consolidated View menu.","4f9fbfb0,8c039daf,79a2ab74"
"Drag columns from the Columns tool panel onto the grid",Story,2,grid,"Allow users to drag columns directly from the Columns tool panel into the grid to add them.","Dragging a column from the Columns tool panel adds it to the grid at the drop position.","Enabled drag-from-tool-panel-to-grid behaviour.","1b3ee9e6"
"Auto Format and field-format catalog for the grid",Story,8,grid,"Add an Auto Format toolbar button backed by a field-format catalog so columns are formatted automatically by inferred type, with K/M magnitude scaling.","Auto Format button infers and applies formats per column; a field-format catalog drives matching (incl. K/M magnitude scaling); manual formats override auto formats; Auto Format is native to the formatting system.","Added the field-format catalog + Auto Format toolbar button, added K/M magnitude scaling and Soundex matching to the catalog, made Auto Format native to the formatting system, and let manual format override an auto-formatted column.","fd3a4c1f,e996fb7a,f1ab8d4a,1f06932d"
"Formatter toolbar usability overhaul + pop-out inspector",Story,8,grid,"Redesign the formatter toolbar for usability: a value readout, decimals control, search, category-tabbed selector, prominent currency/tick selectors, and a pop-out formatter panel redesigned as a flat inspector.","Formatter toolbar shows a readout, decimals and search; selector is category-tabbed with prominent currency/tick options; the pop-out panel is a flat inspector with templates in a Select, dismisses popovers on outside click, and supports touch/pen in the colour picker.","Added formatter toolbar usability features, a category-tabbed selector, prominent currency/tick selectors, and a popped-out panel redesigned as a flat inspector with assorted layout and dismissal fixes; added touch/pen support to the colour picker.","ef872db9,61eb4867,8d6754e5,fd6ea0c4,d8c3c6f3,f799c941,c0835f2d,8e9b76f3"
"Clear buttons fire immediately (no confirm dialog)",Story,1,grid,"Make formatter Clear buttons apply immediately instead of prompting a confirm dialog.","Clicking a Clear button clears immediately with no confirmation step.","Removed the confirm dialog so Clear fires immediately.","ede6368e"
"Relative trailing-window date filters in the stream-safe floating filter",Story,5,grid,"Add relative trailing-window date filters (e.g. last N days) to the stream-safe floating filter so date filtering stays correct under live data.","Floating filter offers relative trailing-window date options that remain stable as new ticks stream in.","Implemented relative trailing-window date filters in the stream-safe floating filter.","7722fee5,49ba9706"
"Grid cell context menu: Settings + Remove from Grid",Story,2,grid,"Add Settings and Remove from Grid items to the cell context menu.","Right-clicking a cell offers Settings and Remove from Grid actions that work as labelled.","Added the two context-menu items.","104f9752"
"Richer default GridOptions, status/side bar, and per-column Multi Filter",Story,3,grid,"Update default grid options to enable the status bar, side bar, richer grouping/selection defaults, and a default per-column Multi Filter.","New grids show status bar and side bar by default with richer grouping/selection; columns default to Multi Filter.","Updated default GridOptions and the default per-column Multi Filter; enabled status bar, side bar and richer grouping/selection defaults.","a1372da5,a9df4686"
"Persist customizer settings to IndexedDB on panel Save",Story,3,grid,"Persist grid customizer settings to IndexedDB when the user saves a panel so they survive reloads.","Saving a customizer panel writes settings to IndexedDB; settings are restored on reload.","Wired customizer Save to persist into IndexedDB.","768c1944,0af876bc"
"Export/import column defs as JSON in the Columns tab",Story,3,provider-editor,"Let users export and re-import grid column definitions as JSON from the provider editor Columns tab.","Columns tab can export current column defs to JSON and import a JSON file to apply them.","Added JSON export/import of column defs in the Columns tab.","0a8a397a"
"OpenFin grid-to-grid colour linking with selection sharing",Story,8,widgets-react,"Enable OpenFin colour-based context linking between grids so selecting a row in one grid shares selection to colour-linked grids, with notifications.","Grids can be colour-linked in OpenFin; selecting a row broadcasts to linked grids; notifications surface link events; diagnostics are gated behind a debug flag.","Implemented OpenFin grid-to-grid colour linking with selection sharing + notifications, enabled it on the star-demo blotter, and gated grid-link console diagnostics behind contextLink.debug.","2ab25b07,176abdd5,cd51739c,d4c164cd,06260e3b"
"Host-data fan-out workers, STOMP recovery, and idle provider teardown",Story,13,host-data,"Improve streaming reliability and performance: fan-out SharedWorkers, STOMP reconnect/recovery, blotter hardening, idle provider teardown, and columnar snapshots.","Multiple consumers fan out from workers without duplicate connections; STOMP reconnects and recovers cleanly; idle providers are torn down to free memory; snapshots default to columnar; no lifecycle leaks remain.","Added fan-out workers, STOMP recovery and blotter hardening; added idle provider teardown and streaming performance fixes; defaulted snapshots to columnar; ran memory audits and fixed lifecycle leaks.","f79041e5,6d96cb08,49c39a4b,3ed96863,677c8278,2955798d"
"Consolidate host-config into a single ConfigManager + provider persistence",Story,8,host-config,"Collapse the config service layer into one ConfigManager and persist provider selection together with profiles.","A single ConfigManager replaces the prior service split; selecting a provider persists with its profile (with OCC retry + co-save); behaviour is unchanged for consumers.","Collapsed the config service into one ConfigManager and persisted provider selection with profiles via OCC retry + co-save.","768c9358,d38c8f57,3ced678c"
"Config Browser: backup-gated Reset to seed",Story,3,config-browser,"Add a Reset to seed action to the Config Browser, gated behind a backup so users can't lose config accidentally.","Reset to seed restores seed config only after a backup is taken; action is clearly labelled and reversible via the backup.","Added the backup-gated Reset to seed action.","9400da89,f0678114,d9020d00"
"Light theme retuned to VS Code Light Modern",Story,3,design-system,"Retune the design-system light theme surfaces to match VS Code's Light Modern palette for a more familiar, refined light mode.","Light-mode surfaces match the Light Modern reference; all surfaces remain token-driven; dark mode unaffected.","Retuned light theme surfaces to the VS Code Light Modern palette.","b67af3fa,f1e653a1"
"Consolidate accent colour to canonical cyan",Story,2,design-system,"Consolidate the accent colour to a single canonical cyan and retire the legacy --highlight token.","All accent usage resolves to the canonical cyan token; --highlight is removed with no orphaned references.","Consolidated accent to canonical cyan and retired --highlight.","f279eb89"
"Dark-mode AG Grid theming: selected-row tint and shared colour params",Story,3,design-system,"Improve dark-mode AG Grid theming with a selected-row tint and shared grid colour params, and hide the column-resize handle in both themes.","Selected rows show a subtle dark-mode tint; AG Grid uses shared design-system colour params in dark mode; column-resize handle is hidden in both themes; snapshot tests updated.","Added the dark-mode selected-row tint (#73BBF626), applied shared grid colour params in AG Grid dark mode, hid the resize handle in both themes, and updated the agGrid params snapshot.","6b055bcc,3d44850c,a291463b,e03255df"
"OpenFin dark-mode chrome perceptibility and theme sync",Story,3,openfin-platform,"Improve OpenFin dark-mode chrome: lighten the header for perceptibility, distinguish window borders, and sync tool-window theme with the dock toggle.","Dark-mode chrome header is perceptibly lighter; window borders are distinguishable; tool windows re-theme when the dock toggle flips.","Lightened the dark-mode chrome header, distinguished dark-mode window borders, and synced tool-window theme with the dock toggle.","15f7deab,21990eb4,42638d7a"
"Bind MarketsGrid caption to the OpenFin tab name",Story,2,marketsgrid,"Bind the grid caption to the OpenFin tab name and apply toolbar UX polish.","Grid caption reflects the OpenFin tab name and updates with it; toolbar UX polish applied.","Bound the caption to the OpenFin tab name and polished the toolbar.","1f2a47c9"
"Build apps from source and harden the monorepo",Story,8,build,"Switch apps to build from source (drop tarball deps), exclude Angular from the pipeline, stabilise dependency ranges, and add lint/CI guardrails with boundary fixes and god-object decomposition.","Apps build/typecheck from package source with no @wellsfargo-starui tarball deps; Angular is excluded from build/typecheck/test/propagate; dependency ranges are stable; lint/CI guardrails enforce import boundaries; oversized god-objects are decomposed.","Moved apps to source builds and dropped tarball deps (Angular excluded), pinned stable dep ranges with standalone propagate, removed the stockflux demo, and hardened the monorepo with lint/CI guardrails, boundary fixes and god-object decomposition.","6e71b3de,3c4be91d,f1713025,380847d1"
"Stomp view server: high-frequency randomized ticks",Story,3,stomp-view-server,"Make the STOMP view server emit realistic high-frequency ticks by randomizing currentPrice and pnl per tick, defaulting to 20k high-frequency.","Server randomizes currentPrice and pnl on each live tick; defaults to 20k high-frequency with a checked-in .env.","Randomized currentPrice + pnl per live tick and defaulted to 20k high-frequency with a checked-in .env.","73d3c96c,bdea0951,97a0c5d0"
"Fix: layout-selector captions truncating to one character",Bug,2,grid,"Grid layout-selector captions were truncating to a single character.","Layout-selector captions render in full without truncation.","Stopped the layout-selector captions truncating to one character.","56e7b61f,86f995e0"
"Fix: align row selection with AG Grid 35 checkbox-less mode",Bug,3,grid,"Row selection was misaligned after the AG Grid 35 move to checkbox-less selection mode.","Row selection behaves correctly under AG Grid 35 checkbox-less mode.","Aligned row selection with AG Grid 35 checkbox-less mode.","78c2529e"
"Fix: pin Playwright to 1.59.x and stop ViewMenu staying open",Bug,2,grid,"Playwright version drift and the ViewMenu remaining open after selection caused e2e flakiness.","Playwright is pinned to 1.59.x; the ViewMenu closes after a selection; affected e2e specs pass.","Pinned Playwright to 1.59.x and stopped the ViewMenu keeping its menu open.","fc441e3f"
"Fix: Auto Format right-aligning text columns via Soundex collision",Bug,2,engine,"A Soundex collision caused Auto Format to right-align text columns as if numeric.","Text columns are no longer right-aligned by Auto Format; numeric detection is not triggered by Soundex collisions.","Stopped Auto Format right-aligning text columns via the Soundex collision.","8aea1e3f"
"Fix: infer date fields as dateString cellDataType",Bug,1,provider-editor,"Date fields were not being inferred with the dateString cellDataType in the provider editor.","Inferred date fields are assigned the dateString cellDataType.","Inferred date fields as dateString cellDataType.","f660f901"
"Fix: Config Browser primary/danger button foregrounds",Bug,1,config-browser,"Primary and danger buttons in the Config Browser had incorrect (white) foreground colours.","Primary and danger buttons use the correct token-driven foreground colours.","Corrected the primary/danger button foreground (was white).","74a24108"
"Fix: dock-editor token aliases fully design-system derived",Bug,2,engine,"Dock-editor token aliases were not 100% derived from the design system.","All dock-editor token aliases resolve from design-system tokens.","Made the dock-editor token aliases 100% design-system derived.","1f384890"
"Fix: align demo apps with current design-system token vocabulary",Bug,2,demos,"Demo apps used outdated design-system token names.","Demo apps reference the current token vocabulary with no orphaned token names.","Aligned demo apps with the current design-system token vocabulary.","a57f49ca"
"Fix: theme mode shared so dock panels re-theme on toggle",Bug,3,design-system-demo,"Dock panels and grids did not re-theme when the theme toggle flipped.","Toggling the theme re-themes all dock panels and grids immediately.","Shared theme mode so dock panels re-theme on toggle and made grids inherit data-ag-theme-mode from <html>.","b673a228,233b31c3"
"Fix: Risk KPIs dock panel height and Orders badge clipping",Bug,2,design-system-demo,"The Risk KPIs dock panel was too short and Orders status badge borders were clipping in AG Grid.","Risk KPIs panel has enough height to render its KPIs; Orders status badge borders are not clipped in AG Grid.","Gave the Risk KPIs dock panel enough height and stopped the Orders status badge borders clipping in AG Grid.","96dd9bd1,4f693385"
"Fix: Design System right pane scrollable in dock panel",Bug,1,design-system-demo,"The Design System right pane did not scroll when docked.","The Design System right pane scrolls within its dock panel.","Made the Design System right pane scrollable in the dock panel.","f0172fd6"
"Fix: assorted FI demo correctness (P&L waterfall, OAS distribution, tokens, testids)",Bug,3,design-system-demo,"Several FI demo correctness issues: incorrect OAS distribution and P&L waterfall, an invalid font-family syntax, as-any style casts, fragile testids, and a risk progress track not using a token.","Per-issuer OAS distribution and a true waterfall P&L render correctly; font-family syntax is valid; as-any style casts removed; testids are robust and correct; risk progress track uses --ds-primary-soft.","Fixed per-issuer OAS distribution, true waterfall P&L and font-family syntax; corrected float-* testids and dropped as-any casts with a robust Save; pointed the risk progress track at --ds-primary-soft; fixed valid tokens + issuer in the order-book header; corrected the PriceChartWidget testid.","3e1563dd,affa495a,4d06da0b,037a1c9f,4c9b306d"
